{"results":[{"id":1,"challenge_id":1,"type":"static","content":"13b25eff95a2607f85f4cf260419cd9468dcf7e5","data":null},{"id":2,"challenge_id":2,"type":"static","content":"823658f34ecf45e27b3b0a2462a754a2d6d3f5e2","data":null},{"id":3,"challenge_id":3,"type":"static","content":"d785344870911570d8d8cf79028733df5c1772da","data":null},{"id":4,"challenge_id":4,"type":"static","content":"2b00773bd355b9fc3af2e2e45749cbf1d5b51dc1","data":null},{"id":5,"challenge_id":5,"type":"static","content":"63f43beb6d04f1c5e90dbb5932cd565ea68dee91","data":null},{"id":6,"challenge_id":6,"type":"static","content":"2b8b6d6f4982e009d688fe8b9ea4fd6ddcd09a2e","data":null},{"id":7,"challenge_id":7,"type":"static","content":"6aade3c6417b5f94714cdb55f8bf5bf0771b5674","data":null},{"id":8,"challenge_id":8,"type":"static","content":"69cebc0ad731cd82526b3537b412c28a4f081c98","data":null},{"id":9,"challenge_id":9,"type":"static","content":"5ecf8c6b8bca769257cbef772c4b118c67c733db","data":null},{"id":10,"challenge_id":10,"type":"static","content":"61bc36b06fffca0944297513e8c1174cd023652c","data":null},{"id":11,"challenge_id":11,"type":"static","content":"a43b802e9b955d51a74639c2dd59c734b13ccbc1","data":null},{"id":12,"challenge_id":12,"type":"static","content":"916da83a691ba5ddb53f9c0b7309c42f7976521f","data":null},{"id":13,"challenge_id":13,"type":"static","content":"0385328b4708f0f70dd5bbfe0693a417df9e821e","data":null},{"id":14,"challenge_id":14,"type":"static","content":"71d7b006a1dde2904e04e9a1aab0ff44ce637c38","data":null},{"id":15,"challenge_id":15,"type":"static","content":"f3714bfca2ee15d327d4692eb4cf0cfdcb0d9888","data":null},{"id":16,"challenge_id":16,"type":"static","content":"2eb3702d6b8540d0289ce3412e1b70f6d4719511","data":null},{"id":17,"challenge_id":17,"type":"static","content":"29f090362aaa5d19de6c1d3ba1fd0e3fbde02269","data":null},{"id":18,"challenge_id":18,"type":"static","content":"cc197057e6ad7220fd22511c05130ad4ff8adf4c","data":null},{"id":19,"challenge_id":19,"type":"static","content":"9cdf65275f9bb80487cf869d509c57129f467a47","data":null},{"id":20,"challenge_id":20,"type":"static","content":"bf301fdeeff9d8c417cb4ac4392060938533ba5b","data":null},{"id":21,"challenge_id":21,"type":"static","content":"3eb70b53f2e4982f164536b493a21e17a7102568","data":null},{"id":22,"challenge_id":22,"type":"static","content":"8a397ccc2c6344421534365d66ccad1d0528d576","data":null},{"id":23,"challenge_id":23,"type":"static","content":"39f6ed5593a444544dd84c2958b793958c5d1b31","data":null},{"id":24,"challenge_id":24,"type":"static","content":"dfcc289c5be8efe713151fa6a53c8fbdbd33abb1","data":null},{"id":25,"challenge_id":25,"type":"static","content":"6be02ca13bc00a1e5315f8ff75993e7a5c36fb4f","data":null},{"id":26,"challenge_id":26,"type":"static","content":"f564aee8b23cd7f433f12021554589b4f7807367","data":null},{"id":27,"challenge_id":27,"type":"static","content":"e61abad46c046cf4ccdd5789eb58f1d4e9e94cb1","data":null},{"id":28,"challenge_id":28,"type":"static","content":"5d131f0fb446d58f5b003c1c04a20661b78f4a80","data":null},{"id":29,"challenge_id":29,"type":"static","content":"d88eeb3311bbe68903122f5c457890a3ca5ac665","data":null},{"id":30,"challenge_id":30,"type":"static","content":"0d411c3b53f2e38dbfa00d259c17d6d7b77a9c9b","data":null},{"id":31,"challenge_id":31,"type":"static","content":"0f9047603dd6a556c1216e3c13d449e28f3449af","data":null},{"id":32,"challenge_id":32,"type":"static","content":"4078261caa226523f2216153976aeb115fd928fb","data":null},{"id":33,"challenge_id":33,"type":"static","content":"d8369999b50cd33a753f43e5d66f344ec595f3c2","data":null},{"id":34,"challenge_id":34,"type":"static","content":"2d91e4b1108f98bf6d795a39f426573a7105c87a","data":null},{"id":35,"challenge_id":35,"type":"static","content":"f73182f21a38a2ae537d90190305e317ce80fe61","data":null},{"id":36,"challenge_id":36,"type":"static","content":"204a67f63d539853e9d6c715830e39926e91eb5e","data":null},{"id":37,"challenge_id":37,"type":"static","content":"60df148f8985f06b2ff596e91f217f922db0edaf","data":null},{"id":38,"challenge_id":38,"type":"static","content":"d3ba6be2acf92734bfba65173617a2e26adc65bc","data":null},{"id":39,"challenge_id":39,"type":"static","content":"65ff92ebb77c8273bbac542e481fe2a729050c8b","data":null},{"id":40,"challenge_id":40,"type":"static","content":"65b28f1b9f26eb86afa084745c8404ee8eb178b6","data":null},{"id":41,"challenge_id":41,"type":"static","content":"5fd9d95e768e597dd15ae28c17bbdc2dab5377ea","data":null},{"id":42,"challenge_id":42,"type":"static","content":"177721ac5f9e80104f57396ae1ff5512b29285fe","data":null},{"id":43,"challenge_id":43,"type":"static","content":"9063d84354382d9cc26462c3eb69e30c3256d4f0","data":null},{"id":44,"challenge_id":44,"type":"static","content":"2b03a218b5119cdbb72aeab9d11407e92d92a2c4","data":null},{"id":45,"challenge_id":45,"type":"static","content":"ec736790f71a07be42a3be26558e9954405ab638","data":null},{"id":46,"challenge_id":46,"type":"static","content":"74e722caf59c7fc07a598897827b7aca8f61f37b","data":null},{"id":47,"challenge_id":47,"type":"static","content":"09efc6c3d4ed9efed1ada4f313871468b5a7e286","data":null},{"id":48,"challenge_id":48,"type":"static","content":"231621a921f63c2c1f033ab003029b18da69bf7a","data":null},{"id":49,"challenge_id":49,"type":"static","content":"6dd503779557812b26cc64910b7e3d07ace8e436","data":null},{"id":50,"challenge_id":50,"type":"static","content":"7ce1d3f69c1df18baa911b5e49a62a9a1619439f","data":null},{"id":51,"challenge_id":51,"type":"static","content":"8a67b6bb46034eba5ffb3860caa79561b739c68e","data":null},{"id":52,"challenge_id":52,"type":"static","content":"a7fea08a2302b627cad7e6d76b8ada7deb80b0e3","data":null},{"id":53,"challenge_id":53,"type":"static","content":"7a320642a63f72405cb2362daf1b9fff17c381aa","data":null},{"id":54,"challenge_id":54,"type":"static","content":"56cc20cd430f6d4517b77570f18eb1fc95b25bcd","data":null},{"id":55,"challenge_id":55,"type":"static","content":"7085e8dd4093d99a3d983d5546b9bbe8224f5593","data":null},{"id":56,"challenge_id":56,"type":"static","content":"72306ac92c9fa4079b33454891056f9764cfafc2","data":null},{"id":57,"challenge_id":57,"type":"static","content":"7980b2ad194e77179251b3b4806784ead1db4ed9","data":null},{"id":58,"challenge_id":58,"type":"static","content":"6f0ca66f051e97daff1e60a557dddac270bd6b3b","data":null},{"id":59,"challenge_id":59,"type":"static","content":"b5373efdefd1b3295fc2723aeaaf8fb9e4b457e7","data":null},{"id":60,"challenge_id":60,"type":"static","content":"64528c81f9b7f10b6e409ee86dd2e93303698e0e","data":null},{"id":61,"challenge_id":61,"type":"static","content":"ba29a432d1dc1410001c5939b0d275bd3cdf4156","data":null},{"id":62,"challenge_id":62,"type":"static","content":"eea4649a2d5df26a152c08cb27a046dcc79235a1","data":null},{"id":63,"challenge_id":63,"type":"static","content":"c1e672b43ec4ab781de821db9a1c14a80ee25c01","data":null},{"id":64,"challenge_id":64,"type":"static","content":"140fc7c11e55dc36b3ad4d126bebff3fc1bd7c9d","data":null},{"id":65,"challenge_id":65,"type":"static","content":"421f00c8c3aec4c0c32372311f6366c44c758704","data":null},{"id":66,"challenge_id":66,"type":"static","content":"c39a17313acdbadb0ab671f4eb304898b362807d","data":null},{"id":67,"challenge_id":67,"type":"static","content":"725567ac3a1f799203bff71bf7c0aae3f3fa9d30","data":null},{"id":68,"challenge_id":68,"type":"static","content":"b62094c49847e58b7c2815858819b266a831e128","data":null},{"id":69,"challenge_id":69,"type":"static","content":"e2141f974fe1089143b60ac91da43eac42cedc78","data":null},{"id":70,"challenge_id":70,"type":"static","content":"092fa57317da7c4058059903204eb96dd8b9e810","data":null},{"id":71,"challenge_id":71,"type":"static","content":"6bf8f040e708ee2435282e8787db46d5d1bf1fe3","data":null},{"id":72,"challenge_id":72,"type":"static","content":"cce4b92b7dc55c5bc26fb99d002856171dd0ae27","data":null},{"id":73,"challenge_id":73,"type":"static","content":"f41127b19593a4d78059891f7d9018fe5d58c5f7","data":null},{"id":74,"challenge_id":74,"type":"static","content":"115e34198f5e7b771a2c2fd107778365fd3cb6bc","data":null},{"id":75,"challenge_id":75,"type":"static","content":"0a1dc0e930a88969ea9aecafe64bea7ff5967c74","data":null},{"id":76,"challenge_id":76,"type":"static","content":"97263f54f439796202d5b17aa1fc96850ca6872b","data":null},{"id":77,"challenge_id":77,"type":"static","content":"25b4199d8abf7d86a8cf8c0f9fae58de42b37c14","data":null},{"id":78,"challenge_id":78,"type":"static","content":"ba682742a423aaf648ad45258e377a0f7ba88ecf","data":null},{"id":79,"challenge_id":79,"type":"static","content":"407f6c6cf0378d35a297d3fc402431c352d83795","data":null},{"id":80,"challenge_id":80,"type":"static","content":"7e0ecdfaa162722d8fd11c8b1568de3dd3eeb842","data":null},{"id":81,"challenge_id":81,"type":"static","content":"f1c7ea14463de6fcec4b0fc3b4289795cbc0d2dc","data":null},{"id":82,"challenge_id":82,"type":"static","content":"570444d4a23fb40a24a7e0ea5bc3a32427254d71","data":null},{"id":83,"challenge_id":83,"type":"static","content":"b5b47d55f52d1c68d1f2dc58b6d0073ffdc260a1","data":null},{"id":84,"challenge_id":84,"type":"static","content":"ff7912a5808366ebbbb61b5ba2507673f1ac623b","data":null},{"id":85,"challenge_id":85,"type":"static","content":"99b315d1dae40a157e1fa53fff7744f7c6f15f47","data":null},{"id":86,"challenge_id":86,"type":"static","content":"3c8197b3a86f94cff415d3a4d215fdb9169718c7","data":null},{"id":87,"challenge_id":87,"type":"static","content":"b9f0fae11cb829701382c18f34361b20ff5baaa8","data":null},{"id":88,"challenge_id":88,"type":"static","content":"96fa6d727ba64071e8a043d0a9f7751e5f00927d","data":null},{"id":89,"challenge_id":89,"type":"static","content":"cdbbbbaef64afb40f2fe45fcecbb680991edc097","data":null},{"id":90,"challenge_id":90,"type":"static","content":"9389955b6cc7eee181dcb36c779d5fc814dfa018","data":null},{"id":91,"challenge_id":91,"type":"static","content":"de1cdcf451afd0239402f657972061ad659efc03","data":null},{"id":92,"challenge_id":92,"type":"static","content":"24b2ec2dd900b23779f7180122783e6ef17bfe78","data":null},{"id":93,"challenge_id":93,"type":"static","content":"e8c23a5784b9a30a229a3a05a92a7509e8f98eb0","data":null},{"id":94,"challenge_id":94,"type":"static","content":"d223292978a7882fe97d8b5bdc7ed6cd0af346e9","data":null},{"id":95,"challenge_id":95,"type":"static","content":"620f86ccf903bf63b19dc167a21e3c6f8c46460a","data":null}]}